"Date","Price","Open","High","Low","Vol.","Change %"
"11/26/2021","0.0700","0.0700","0.0700","0.0700","","0.00%"
"10/29/2021","0.0700","0.0700","0.0700","0.0700","","0.00%"
"10/28/2021","0.0700","0.0700","0.0700","0.0700","","0.00%"
"10/27/2021","0.0700","0.0700","0.0700","0.0700","","0.00%"
"09/08/2021","0.0700","0.0700","0.0700","0.0700","","0.00%"
"09/07/2021","0.0700","0.0700","0.0700","0.0700","","0.00%"
"09/03/2021","0.0700","0.0700","0.0700","0.0700","","0.00%"
"09/02/2021","0.0700","0.0700","0.0700","0.0700","","0.00%"
"09/01/2021","0.0700","0.0700","0.0700","0.0700","","40.00%"
"08/31/2021","0.0500","0.0500","0.0500","0.0500","","-37.50%"
"08/17/2021","0.0800","0.0800","0.0800","0.0800","","0.00%"
"08/10/2021","0.0800","0.0800","0.0800","0.0800","","0.00%"
"08/02/2021","0.0800","0.0800","0.0800","0.0800","","14.29%"
"07/30/2021","0.0700","0.0700","0.0700","0.0700","","-12.50%"
"07/29/2021","0.0800","0.0800","0.0800","0.0800","","0.00%"
"07/22/2021","0.0800","0.0800","0.0800","0.0800","","-11.11%"
"07/02/2021","0.0900","0.0900","0.0900","0.0900","","80.00%"
"06/30/2021","0.0500","0.0500","0.0500","0.0500","","-44.44%"
"06/18/2021","0.0900","0.0900","0.0900","0.0900","","12.50%"
"06/17/2021","0.0800","0.0800","0.0800","0.0800","","33.33%"
"06/10/2021","0.0600","0.0600","0.0600","0.0600","","0.00%"
"06/01/2021","0.0600","0.0600","0.0600","0.0600","","200.00%"
"05/28/2021","0.0200","0.0200","0.0200","0.0200","","-66.67%"
"05/12/2021","0.0600","0.0600","0.0600","0.0600","","20.00%"
"05/05/2021","0.0500","0.0500","0.0500","0.0500","","-16.67%"
"05/04/2021","0.0600","0.0600","0.0600","0.0600","","100.00%"
"04/30/2021","0.0300","0.0300","0.0300","0.0300","","-57.14%"
"04/22/2021","0.0700","0.0700","0.0700","0.0700","","0.00%"
"04/01/2021","0.0700","0.0700","0.0700","0.0700","","40.00%"
"03/31/2021","0.0500","0.0500","0.0500","0.0500","","-28.57%"
"03/25/2021","0.0700","0.0700","0.0700","0.0700","","-12.50%"
"09/14/2020","0.0800","0.0800","0.0800","0.0800","","0.00%"
"08/03/2020","0.0800","0.0800","0.0800","0.0800","","0.00%"
"06/12/2020","0.0800","0.0800","0.0800","0.0800","","14.29%"
"06/11/2020","0.0700","0.0700","0.0700","0.0700","","16.67%"
"06/04/2020","0.0600","0.0600","0.0600","0.0600","","20.00%"
"05/15/2020","0.0500","0.0500","0.0500","0.0500","","0.00%"
"05/14/2020","0.0500","0.0500","0.0500","0.0500","","0.00%"
"05/13/2020","0.0500","0.0500","0.0500","0.0500","","0.00%"
"05/12/2020","0.0500","0.0500","0.0500","0.0500","","25.00%"
"04/28/2020","0.0400","0.0400","0.0400","0.0400","","0.00%"
"04/27/2020","0.0400","0.0400","0.0400","0.0400","","-20.00%"
"04/13/2020","0.0500","0.0500","0.0500","0.0500","","0.00%"
"04/03/2020","0.0500","0.0500","0.0500","0.0500","","0.00%"
"04/02/2020","0.0500","0.0500","0.0500","0.0500","","150.00%"
"03/31/2020","0.0200","0.0200","0.0200","0.0200","","-60.00%"
"03/27/2020","0.0500","0.0500","0.0500","0.0500","","0.00%"
"03/26/2020","0.0500","0.0500","0.0500","0.0500","","-50.00%"
"03/25/2020","0.1000","0.1000","0.1000","0.1000","","-60.00%"
"03/24/2020","0.2500","0.2500","0.2500","0.2500","","66.67%"
"03/23/2020","0.1500","0.1500","0.1500","0.1500","","-40.00%"
"03/20/2020","0.2500","0.2500","0.2500","0.2500","","0.00%"
"03/18/2020","0.2500","0.2500","0.2500","0.2500","","-37.50%"
"03/16/2020","0.4000","0.4000","0.4000","0.4000","","-62.96%"
"03/05/2020","1.0800","1.0800","1.0800","1.0800","","-1.82%"
"03/04/2020","1.1000","1.1000","1.1000","1.1000","","-30.38%"
"02/06/2020","1.5800","1.5800","1.5800","1.5800","","0.00%"
"02/03/2020","1.5800","1.5800","1.5800","1.5800","","-0.63%"
"01/30/2020","1.5900","1.5900","1.5900","1.5900","","2.58%"
"01/23/2020","1.5500","1.5500","1.5500","1.5500","","0.65%"
"01/08/2020","1.5400","1.5400","1.5400","1.5400","","-0.65%"
"01/02/2020","1.5500","1.5500","1.5500","1.5500","","-0.64%"
"12/31/2019","1.5600","1.5600","1.5600","1.5600","","1.30%"
"12/11/2019","1.5400","1.5400","1.5400","1.5400","","0.00%"
"12/03/2019","1.5400","1.5400","1.5400","1.5400","","-1.28%"
"11/29/2019","1.5600","1.5600","1.5600","1.5600","","0.65%"
"11/15/2019","1.5500","1.5500","1.5500","1.5500","","0.65%"
"11/05/2019","1.5400","1.5400","1.5400","1.5400","","-0.65%"
"10/31/2019","1.5500","1.5500","1.5500","1.5500","","-13.89%"
"10/25/2019","1.8000","1.8000","1.8000","1.8000","","-1.64%"
"10/24/2019","1.8300","1.8300","1.8300","1.8300","","1.67%"
"10/23/2019","1.8000","1.8000","1.8000","1.8000","","-2.70%"
"10/22/2019","1.8500","1.8500","1.8500","1.8500","","0.00%"
"10/17/2019","1.8500","1.8500","1.8500","1.8500","","-5.13%"
"10/16/2019","1.9500","1.9500","1.9500","1.9500","","8.33%"
"10/11/2019","1.8000","1.8000","1.8000","1.8000","","0.00%"
"10/10/2019","1.8000","1.8000","1.8000","1.8000","","0.00%"
"10/09/2019","1.8000","1.8000","1.8000","1.8000","","0.00%"
"10/08/2019","1.8000","1.8000","1.8000","1.8000","","0.00%"
"10/07/2019","1.8000","1.8000","1.8000","1.8000","","0.00%"
"10/04/2019","1.8000","1.8000","1.8000","1.8000","","-1.64%"
"10/03/2019","1.8300","1.8300","1.8300","1.8300","","-1.08%"
"10/02/2019","1.8500","1.8500","1.8500","1.8500","","0.00%"
"10/01/2019","1.8500","1.8500","1.8500","1.8500","","-2.63%"
"09/30/2019","1.9000","1.9000","1.9000","1.9000","","2.70%"
"09/27/2019","1.8500","1.8500","1.8500","1.8500","","1.65%"
"09/26/2019","1.8200","1.8200","1.8200","1.8200","","1.11%"
"09/25/2019","1.8000","1.8000","1.8000","1.8000","","-2.70%"
"09/24/2019","1.8500","1.8500","1.8500","1.8500","","0.00%"
"09/23/2019","1.8500","1.8500","1.8500","1.8500","","0.00%"
"09/20/2019","1.8500","1.8500","1.8500","1.8500","","0.00%"
"09/19/2019","1.8500","1.8500","1.8500","1.8500","","-13.95%"
"09/18/2019","2.1500","2.1500","2.1500","2.1500","","0.00%"
"09/17/2019","2.1500","2.1500","2.1500","2.1500","","-2.27%"
"09/16/2019","2.2000","2.2000","2.2000","2.2000","","3.29%"
"09/13/2019","2.1300","2.1300","2.1300","2.1300","","1.43%"
"09/12/2019","2.1000","2.1000","2.1000","2.1000","","0.00%"
"09/11/2019","2.1000","2.1000","2.1000","2.1000","","0.00%"
"09/10/2019","2.1000","2.1000","2.1000","2.1000","","0.00%"
"09/09/2019","2.1000","2.1000","2.1000","2.1000","","0.00%"
"09/06/2019","2.1000","2.1000","2.1000","2.1000","","-0.47%"
"09/05/2019","2.1100","2.1100","2.1100","2.1100","","0.00%"
"09/04/2019","2.1100","2.1100","2.1100","2.1100","","0.00%"
"09/03/2019","2.1100","2.1100","2.1100","2.1100","","0.00%"
"08/30/2019","2.1100","2.1100","2.1100","2.1100","","0.00%"
"08/29/2019","2.1100","2.1100","2.1100","2.1100","","0.00%"
"08/28/2019","2.1100","2.1100","2.1100","2.1100","","0.00%"
"08/27/2019","2.1100","2.1100","2.1100","2.1100","","0.48%"
"08/26/2019","2.1000","2.1000","2.1000","2.1000","","0.00%"
"08/23/2019","2.1000","2.1000","2.1000","2.1000","","0.00%"
"08/22/2019","2.1000","2.1000","2.1000","2.1000","","0.00%"
"08/21/2019","2.1000","2.1000","2.1000","2.1000","","-0.47%"
"08/20/2019","2.1100","2.1100","2.1100","2.1100","","0.00%"
"08/19/2019","2.1100","2.1100","2.1100","2.1100","","0.00%"
"08/16/2019","2.1100","2.1100","2.1100","2.1100","","0.00%"
"08/15/2019","2.1100","2.1100","2.1100","2.1100","","0.00%"
"08/14/2019","2.1100","2.1100","2.1100","2.1100","","0.00%"
"08/13/2019","2.1100","2.1100","2.1100","2.1100","","0.00%"
"08/12/2019","2.1100","2.1100","2.1100","2.1100","","0.00%"
"08/09/2019","2.1100","2.1100","2.1100","2.1100","","0.00%"
"08/08/2019","2.1100","2.1100","2.1100","2.1100","","0.00%"
"08/07/2019","2.1100","2.1100","2.1100","2.1100","","0.48%"
"08/06/2019","2.1000","2.1000","2.1000","2.1000","","0.00%"
"08/05/2019","2.1000","2.1000","2.1000","2.1000","","-1.41%"
"08/02/2019","2.1300","2.1300","2.1300","2.1300","","-0.47%"
"08/01/2019","2.1400","2.1400","2.1400","2.1400","","-9.70%"
"07/31/2019","2.3700","2.3700","2.3700","2.3700","","-1.25%"
"07/30/2019","2.4000","2.4000","2.4000","2.4000","","0.00%"
"07/29/2019","2.4000","2.4000","2.4000","2.4000","","0.00%"
"07/26/2019","2.4000","2.4000","2.4000","2.4000","","0.00%"
"07/25/2019","2.4000","2.4000","2.4000","2.4000","","0.00%"
"07/24/2019","2.4000","2.4000","2.4000","2.4000","","0.00%"
"07/23/2019","2.4000","2.4000","2.4000","2.4000","","0.00%"
"07/22/2019","2.4000","2.4000","2.4000","2.4000","","0.00%"
"07/19/2019","2.4000","2.4000","2.4000","2.4000","","-0.41%"
"07/18/2019","2.4100","2.4100","2.4100","2.4100","","1.69%"
"07/17/2019","2.3700","2.3700","2.3700","2.3700","","0.00%"
"07/16/2019","2.3700","2.3700","2.3700","2.3700","","0.00%"
"07/15/2019","2.3700","2.3700","2.3700","2.3700","","0.00%"
"07/12/2019","2.3700","2.3700","2.3700","2.3700","","-0.42%"
"07/11/2019","2.3800","2.3800","2.3800","2.3800","","0.00%"
"07/10/2019","2.3800","2.3800","2.3800","2.3800","","0.00%"
"07/09/2019","2.3800","2.3800","2.3800","2.3800","","-0.83%"
"07/08/2019","2.4000","2.4000","2.4000","2.4000","","0.00%"
"07/05/2019","2.4000","2.4000","2.4000","2.4000","","0.42%"
"07/03/2019","2.3900","2.3900","2.3900","2.3900","","0.00%"
"07/02/2019","2.3900","2.3900","2.3900","2.3900","","1.27%"
"07/01/2019","2.3600","2.3600","2.3600","2.3600","","-0.42%"
"06/28/2019","2.3700","2.3700","2.3700","2.3700","","0.00%"
"06/27/2019","2.3700","2.3700","2.3700","2.3700","","0.00%"
"06/26/2019","2.3700","2.3700","2.3700","2.3700","","0.42%"
"06/25/2019","2.3600","2.3600","2.3600","2.3600","","0.00%"
"06/24/2019","2.3600","2.3600","2.3600","2.3600","","0.00%"
"06/21/2019","2.3600","2.3600","2.3600","2.3600","","0.00%"
"06/20/2019","2.3600","2.3600","2.3600","2.3600","","0.00%"
"06/19/2019","2.3600","2.3600","2.3600","2.3600","","0.00%"
"06/18/2019","2.3600","2.3600","2.3600","2.3600","","0.00%"
"06/17/2019","2.3600","2.3600","2.3600","2.3600","","0.00%"
"06/14/2019","2.3600","2.3600","2.3600","2.3600","","0.00%"
"06/13/2019","2.3600","2.3600","2.3600","2.3600","","0.00%"
"06/12/2019","2.3600","2.3600","2.3600","2.3600","","0.00%"
"06/11/2019","2.3600","2.3600","2.3600","2.3600","","0.00%"
"06/10/2019","2.3600","2.3600","2.3600","2.3600","","0.00%"
"06/07/2019","2.3600","2.3600","2.3600","2.3600","","0.00%"
"06/06/2019","2.3600","2.3600","2.3600","2.3600","","-0.42%"
"06/05/2019","2.3700","2.3700","2.3700","2.3700","","0.00%"
"06/04/2019","2.3700","2.3700","2.3700","2.3700","","0.00%"
"06/03/2019","2.3700","2.3700","2.3700","2.3700","","-0.42%"
"05/31/2019","2.3800","2.3800","2.3800","2.3800","","0.42%"
"05/30/2019","2.3700","2.3700","2.3700","2.3700","","0.00%"
"05/29/2019","2.3700","2.3700","2.3700","2.3700","","0.00%"
"05/28/2019","2.3700","2.3700","2.3700","2.3700","","0.00%"
"05/24/2019","2.3700","2.3700","2.3700","2.3700","","0.00%"
"05/23/2019","2.3700","2.3700","2.3700","2.3700","","0.00%"
"05/22/2019","2.3700","2.3700","2.3700","2.3700","","0.42%"
"05/21/2019","2.3600","2.3600","2.3600","2.3600","","-0.42%"
"05/20/2019","2.3700","2.3700","2.3700","2.3700","","-0.42%"
"05/17/2019","2.3800","2.3800","2.3800","2.3800","","0.00%"
"05/16/2019","2.3800","2.3800","2.3800","2.3800","","0.00%"
"05/15/2019","2.3800","2.3800","2.3800","2.3800","","0.85%"
"05/14/2019","2.3600","2.3600","2.3600","2.3600","","-0.42%"
"05/13/2019","2.3700","2.3700","2.3700","2.3700","","-0.42%"
"05/10/2019","2.3800","2.3800","2.3800","2.3800","","0.00%"
"05/09/2019","2.3800","2.3800","2.3800","2.3800","","-0.42%"
"05/08/2019","2.3900","2.3900","2.3900","2.3900","","0.00%"
"05/07/2019","2.3900","2.3900","2.3900","2.3900","","-0.42%"
"05/06/2019","2.4000","2.4000","2.4000","2.4000","","0.00%"
"05/03/2019","2.4000","2.4000","2.4000","2.4000","","0.00%"
"05/02/2019","2.4000","2.4000","2.4000","2.4000","","-2.04%"
"05/01/2019","2.4500","2.4500","2.4500","2.4500","","0.00%"
"04/30/2019","2.4500","2.4500","2.4500","2.4500","","1.66%"
"04/29/2019","2.4100","2.4100","2.4100","2.4100","","0.00%"
"04/26/2019","2.4100","2.4100","2.4100","2.4100","","0.00%"
"04/25/2019","2.4100","2.4100","2.4100","2.4100","","0.00%"
"04/24/2019","2.4100","2.4100","2.4100","2.4100","","0.00%"
"04/23/2019","2.4100","2.4100","2.4100","2.4100","","0.42%"
"04/22/2019","2.4000","2.4000","2.4000","2.4000","","0.00%"
"04/18/2019","2.4000","2.4000","2.4000","2.4000","","0.00%"
"04/17/2019","2.4000","2.4000","2.4000","2.4000","","0.00%"
"04/16/2019","2.4000","2.4000","2.4000","2.4000","","0.00%"
"04/15/2019","2.4000","2.4000","2.4000","2.4000","","0.00%"
"04/12/2019","2.4000","2.4000","2.4000","2.4000","","0.00%"
"04/11/2019","2.4000","2.4000","2.4000","2.4000","","0.00%"
"04/10/2019","2.4000","2.4000","2.4000","2.4000","","0.00%"
"04/09/2019","2.4000","2.4000","2.4000","2.4000","","0.00%"
"04/08/2019","2.4000","2.4000","2.4000","2.4000","","0.00%"
"04/05/2019","2.4000","2.4000","2.4000","2.4000","","0.00%"
"04/04/2019","2.4000","2.4000","2.4000","2.4000","","0.00%"
"04/03/2019","2.4000","2.4000","2.4000","2.4000","","0.00%"
"04/02/2019","2.4000","2.4000","2.4000","2.4000","","0.00%"
"04/01/2019","2.4000","2.4000","2.4000","2.4000","","-0.41%"
"03/29/2019","2.4100","2.4100","2.4100","2.4100","","0.42%"
"03/28/2019","2.4000","2.4000","2.4000","2.4000","","0.00%"
"03/27/2019","2.4000","2.4000","2.4000","2.4000","","0.00%"
"03/26/2019","2.4000","2.4000","2.4000","2.4000","","0.00%"
"03/25/2019","2.4000","2.4000","2.4000","2.4000","","0.00%"
"03/22/2019","2.4000","2.4000","2.4000","2.4000","","0.00%"
"03/21/2019","2.4000","2.4000","2.4000","2.4000","","0.00%"
"03/20/2019","2.4000","2.4000","2.4000","2.4000","","0.00%"
"03/19/2019","2.4000","2.4000","2.4000","2.4000","","0.00%"
"03/18/2019","2.4000","2.4000","2.4000","2.4000","","0.00%"
"03/15/2019","2.4000","2.4000","2.4000","2.4000","","0.00%"
"03/14/2019","2.4000","2.4000","2.4000","2.4000","","0.00%"
"03/13/2019","2.4000","2.4000","2.4000","2.4000","","0.00%"
"03/12/2019","2.4000","2.4000","2.4000","2.4000","","0.00%"
"03/11/2019","2.4000","2.4000","2.4000","2.4000","","0.00%"
"03/08/2019","2.4000","2.4000","2.4000","2.4000","","0.00%"
"03/07/2019","2.4000","2.4000","2.4000","2.4000","","0.00%"
"03/06/2019","2.4000","2.4000","2.4000","2.4000","","0.00%"
"03/05/2019","2.4000","2.4000","2.4000","2.4000","","0.00%"
"03/04/2019","2.4000","2.4000","2.4000","2.4000","","0.00%"
"03/01/2019","2.4000","2.4000","2.4000","2.4000","","0.00%"
"02/28/2019","2.4000","2.4000","2.4000","2.4000","","0.00%"
"02/27/2019","2.4000","2.4000","2.4000","2.4000","","0.00%"
"02/26/2019","2.4000","2.4000","2.4000","2.4000","","0.00%"
"02/25/2019","2.4000","2.4000","2.4000","2.4000","","0.00%"
"02/22/2019","2.4000","2.4000","2.4000","2.4000","","0.00%"
"02/21/2019","2.4000","2.4000","2.4000","2.4000","","0.00%"
"02/20/2019","2.4000","2.4000","2.4000","2.4000","","0.00%"
"02/19/2019","2.4000","2.4000","2.4000","2.4000","","0.00%"
"02/15/2019","2.4000","2.4000","2.4000","2.4000","","0.00%"
"02/14/2019","2.4000","2.4000","2.4000","2.4000","","0.00%"
"02/13/2019","2.4000","2.4000","2.4000","2.4000","","0.00%"
"02/12/2019","2.4000","2.4000","2.4000","2.4000","","0.00%"
"02/11/2019","2.4000","2.4000","2.4000","2.4000","","0.00%"
"02/08/2019","2.4000","2.4000","2.4000","2.4000","","0.00%"
"02/07/2019","2.4000","2.4000","2.4000","2.4000","","0.00%"
"02/06/2019","2.4000","2.4000","2.4000","2.4000","","0.00%"
"02/05/2019","2.4000","2.4000","2.4000","2.4000","","0.00%"
"02/04/2019","2.4000","2.4000","2.4000","2.4000","","0.00%"
"02/01/2019","2.4000","2.4000","2.4000","2.4000","","0.00%"
"01/31/2019","2.4000","2.4000","2.4000","2.4000","","0.00%"
"01/30/2019","2.4000","2.4000","2.4000","2.4000","","0.00%"
"01/29/2019","2.4000","2.4000","2.4000","2.4000","","0.00%"
"01/28/2019","2.4000","2.4000","2.4000","2.4000","","0.00%"
"01/25/2019","2.4000","2.4000","2.4000","2.4000","","0.00%"
"01/24/2019","2.4000","2.4000","2.4000","2.4000","","0.00%"
"01/23/2019","2.4000","2.4000","2.4000","2.4000","","0.00%"
"01/22/2019","2.4000","2.4000","2.4000","2.4000","","0.00%"
"01/18/2019","2.4000","2.4000","2.4000","2.4000","","0.00%"
"01/17/2019","2.4000","2.4000","2.4000","2.4000","","0.00%"
"01/16/2019","2.4000","2.4000","2.4000","2.4000","","0.00%"
"01/15/2019","2.4000","2.4000","2.4000","2.4000","","0.00%"
"01/14/2019","2.4000","2.4000","2.4000","2.4000","","0.00%"
"01/11/2019","2.4000","2.4000","2.4000","2.4000","","0.00%"
"01/10/2019","2.4000","2.4000","2.4000","2.4000","","0.00%"
"01/09/2019","2.4000","2.4000","2.4000","2.4000","","0.00%"
"01/08/2019","2.4000","2.4000","2.4000","2.4000","","0.00%"
"01/07/2019","2.4000","2.4000","2.4000","2.4000","","0.00%"
"01/04/2019","2.4000","2.4000","2.4000","2.4000","","0.00%"
"01/03/2019","2.4000","2.4000","2.4000","2.4000","","0.00%"
"01/02/2019","2.4000","2.4000","2.4000","2.4000","","0.00%"
"12/31/2018","2.4000","2.4000","2.4000","2.4000","","0.00%"
"12/28/2018","2.4000","2.4000","2.4000","2.4000","","0.00%"
"12/27/2018","2.4000","2.4000","2.4000","2.4000","","0.00%"
"12/26/2018","2.4000","2.4000","2.4000","2.4000","","0.42%"
"12/24/2018","2.3900","2.3900","2.3900","2.3900","","0.00%"
"12/21/2018","2.3900","2.3900","2.3900","2.3900","","0.00%"
"12/20/2018","2.3900","2.3900","2.3900","2.3900","","9.13%"
"12/19/2018","2.1900","2.1900","2.1900","2.1900","","0.00%"
"12/18/2018","2.1900","2.1900","2.1900","2.1900","","0.00%"
"12/17/2018","2.1900","2.1900","2.1900","2.1900","","0.00%"
"12/14/2018","2.1900","2.1900","2.1900","2.1900","","0.00%"
"12/13/2018","2.1900","2.1900","2.1900","2.1900","","0.00%"
"12/12/2018","2.1900","2.1900","2.1900","2.1900","","0.00%"
"12/11/2018","2.1900","2.1900","2.1900","2.1900","","0.00%"
"12/10/2018","2.1900","2.1900","2.1900","2.1900","","-0.45%"
"12/07/2018","2.2000","2.2000","2.2000","2.2000","","0.00%"
"12/06/2018","2.2000","2.2000","2.2000","2.2000","","-0.45%"
"12/05/2018","2.2100","2.2100","2.2100","2.2100","","1.38%"
"12/04/2018","2.1800","2.1800","2.1800","2.1800","","0.00%"
"12/03/2018","2.1800","2.1800","2.1800","2.1800","","0.00%"
"11/30/2018","2.1800","2.1800","2.1800","2.1800","","0.00%"
"11/29/2018","2.1800","2.1800","2.1800","2.1800","","0.00%"
"11/28/2018","2.1800","2.1800","2.1800","2.1800","","0.00%"
"11/27/2018","2.1800","2.1800","2.1800","2.1800","","0.00%"
"11/26/2018","2.1800","2.1800","2.1800","2.1800","","0.00%"
"11/23/2018","2.1800","2.1800","2.1800","2.1800","","0.00%"
"11/21/2018","2.1800","2.1800","2.1800","2.1800","","0.00%"
"11/20/2018","2.1800","2.1800","2.1800","2.1800","","0.00%"
"11/19/2018","2.1800","2.1800","2.1800","2.1800","","0.00%"
"11/16/2018","2.1800","2.1800","2.1800","2.1800","","0.00%"
"11/15/2018","2.1800","2.1800","2.1800","2.1800","","0.00%"
"11/14/2018","2.1800","2.1800","2.1800","2.1800","","0.00%"
"11/13/2018","2.1800","2.1800","2.1800","2.1800","","0.00%"
"11/09/2018","2.1800","2.1800","2.1800","2.1800","","0.00%"
"11/08/2018","2.1800","2.1800","2.1800","2.1800","","0.00%"
"11/07/2018","2.1800","2.1800","2.1800","2.1800","","0.00%"
"11/06/2018","2.1800","2.1800","2.1800","2.1800","","0.00%"
"11/05/2018","2.1800","2.1800","2.1800","2.1800","","0.00%"
"11/02/2018","2.1800","2.1800","2.1800","2.1800","","0.00%"
"11/01/2018","2.1800","2.1800","2.1800","2.1800","","0.00%"
"10/31/2018","2.1800","2.1800","2.1800","2.1800","","0.00%"
"10/30/2018","2.1800","2.1800","2.1800","2.1800","","-0.91%"
"10/29/2018","2.2000","2.2000","2.2000","2.2000","","0.92%"
"10/26/2018","2.1800","2.1800","2.1800","2.1800","","0.00%"
"10/25/2018","2.1800","2.1800","2.1800","2.1800","","0.00%"
"10/24/2018","2.1800","2.1800","2.1800","2.1800","","0.00%"
"10/23/2018","2.1800","2.1800","2.1800","2.1800","","0.46%"
"10/22/2018","2.1700","2.1700","2.1700","2.1700","","0.00%"
"10/19/2018","2.1700","2.1700","2.1700","2.1700","","0.00%"
"10/18/2018","2.1700","2.1700","2.1700","2.1700","","0.00%"
"10/17/2018","2.1700","2.1700","2.1700","2.1700","","0.00%"
"10/16/2018","2.1700","2.1700","2.1700","2.1700","","0.00%"
"10/15/2018","2.1700","2.1700","2.1700","2.1700","","0.00%"
"10/12/2018","2.1700","2.1700","2.1700","2.1700","","0.00%"
"10/11/2018","2.1700","2.1700","2.1700","2.1700","","0.46%"
"10/10/2018","2.1600","2.1600","2.1600","2.1600","","0.00%"
"10/09/2018","2.1600","2.1600","2.1600","2.1600","","0.00%"
"10/05/2018","2.1600","2.1600","2.1600","2.1600","","-0.46%"
"10/04/2018","2.1700","2.1700","2.1700","2.1700","","0.46%"
"10/03/2018","2.1600","2.1600","2.1600","2.1600","","0.00%"
"10/02/2018","2.1600","2.1600","2.1600","2.1600","","0.00%"
"10/01/2018","2.1600","2.1600","2.1600","2.1600","","0.47%"
"09/28/2018","2.1500","2.1500","2.1500","2.1500","","-0.46%"
"09/27/2018","2.1600","2.1600","2.1600","2.1600","","13.09%"
"09/26/2018","1.9100","1.9100","1.9100","1.9100","","0.00%"
"09/25/2018","1.9100","1.9100","1.9100","1.9100","","0.00%"
"09/24/2018","1.9100","1.9100","1.9100","1.9100","","0.00%"
"09/21/2018","1.9100","1.9100","1.9100","1.9100","","0.00%"
"09/20/2018","1.9100","1.9100","1.9100","1.9100","","0.00%"
"09/19/2018","1.9100","1.9100","1.9100","1.9100","","0.00%"
"09/18/2018","1.9100","1.9100","1.9100","1.9100","","0.00%"
"09/17/2018","1.9100","1.9100","1.9100","1.9100","","0.00%"
"09/14/2018","1.9100","1.9100","1.9100","1.9100","","0.00%"
"09/13/2018","1.9100","1.9100","1.9100","1.9100","","0.00%"
"09/12/2018","1.9100","1.9100","1.9100","1.9100","","0.00%"
"09/11/2018","1.9100","1.9100","1.9100","1.9100","","0.00%"
"09/10/2018","1.9100","1.9100","1.9100","1.9100","","0.00%"
"09/07/2018","1.9100","1.9100","1.9100","1.9100","","0.00%"
"09/06/2018","1.9100","1.9100","1.9100","1.9100","","0.00%"
"09/05/2018","1.9100","1.9100","1.9100","1.9100","","0.00%"
"09/04/2018","1.9100","1.9100","1.9100","1.9100","","0.00%"
"08/31/2018","1.9100","1.9100","1.9100","1.9100","","0.00%"
"08/30/2018","1.9100","1.9100","1.9100","1.9100","","0.00%"
"08/29/2018","1.9100","1.9100","1.9100","1.9100","","0.00%"
"08/28/2018","1.9100","1.9100","1.9100","1.9100","","0.00%"
"08/27/2018","1.9100","1.9100","1.9100","1.9100","","0.00%"
"08/24/2018","1.9100","1.9100","1.9100","1.9100","","0.00%"
"08/23/2018","1.9100","1.9100","1.9100","1.9100","","0.00%"
"08/22/2018","1.9100","1.9100","1.9100","1.9100","","0.00%"
"08/21/2018","1.9100","1.9100","1.9100","1.9100","","0.00%"
"08/20/2018","1.9100","1.9100","1.9100","1.9100","","0.00%"
"08/17/2018","1.9100","1.9100","1.9100","1.9100","","0.00%"
"08/16/2018","1.9100","1.9100","1.9100","1.9100","","0.53%"
"08/15/2018","1.9000","1.9000","1.9000","1.9000","","0.00%"
"08/14/2018","1.9000","1.9000","1.9000","1.9000","","0.00%"
"08/13/2018","1.9000","1.9000","1.9000","1.9000","","0.00%"
"08/10/2018","1.9000","1.9000","1.9000","1.9000","","0.00%"
"08/09/2018","1.9000","1.9000","1.9000","1.9000","","0.00%"
"08/08/2018","1.9000","1.9000","1.9000","1.9000","","0.00%"
"08/07/2018","1.9000","1.9000","1.9000","1.9000","","0.00%"
"08/06/2018","1.9000","1.9000","1.9000","1.9000","","0.00%"
"08/03/2018","1.9000","1.9000","1.9000","1.9000","","0.00%"
"08/02/2018","1.9000","1.9000","1.9000","1.9000","","0.00%"
"08/01/2018","1.9000","1.9000","1.9000","1.9000","","0.00%"
"07/31/2018","1.9000","1.9000","1.9000","1.9000","","0.00%"
"07/30/2018","1.9000","1.9000","1.9000","1.9000","","0.00%"
"07/27/2018","1.9000","1.9000","1.9000","1.9000","","0.00%"
"07/26/2018","1.9000","1.9000","1.9000","1.9000","","-0.05%"
"07/25/2018","1.9010","1.9010","1.9010","1.9010","","0.00%"
"07/24/2018","1.9010","1.9010","1.9010","1.9010","","0.05%"
"07/23/2018","1.9000","1.9000","1.9000","1.9000","","0.00%"
"07/20/2018","1.9000","1.9000","1.9000","1.9000","","0.00%"
"07/19/2018","1.9000","1.9000","1.9000","1.9000","","0.00%"
"07/18/2018","1.9000","1.9000","1.9000","1.9000","","-0.52%"
"07/17/2018","1.9100","1.9100","1.9100","1.9100","","0.00%"
"07/16/2018","1.9100","1.9100","1.9100","1.9100","","0.53%"
"07/13/2018","1.9000","1.9000","1.9000","1.9000","","0.00%"
"07/12/2018","1.9000","1.9000","1.9000","1.9000","","0.00%"
"07/11/2018","1.9000","1.9000","1.9000","1.9000","","0.00%"
"07/10/2018","1.9000","1.9000","1.9000","1.9000","","0.00%"
"07/09/2018","1.9000","1.9000","1.9000","1.9000","","0.00%"
"07/06/2018","1.9000","1.9000","1.9000","1.9000","","0.00%"
"07/05/2018","1.9000","1.9000","1.9000","1.9000","","0.00%"
"07/03/2018","1.9000","1.9000","1.9000","1.9000","","0.00%"
"07/02/2018","1.9000","1.9000","1.9000","1.9000","","0.00%"
"06/29/2018","1.9000","1.9000","1.9000","1.9000","","0.00%"
"06/28/2018","1.9000","1.9000","1.9000","1.9000","","0.00%"
"06/27/2018","1.9000","1.9000","1.9000","1.9000","","0.00%"
"06/26/2018","1.9000","1.9000","1.9000","1.9000","","-0.52%"
"06/25/2018","1.9100","1.9100","1.9100","1.9100","","0.00%"
"06/22/2018","1.9100","1.9100","1.9100","1.9100","","0.53%"
"06/21/2018","1.9000","1.9000","1.9000","1.9000","","0.00%"
"06/20/2018","1.9000","1.9000","1.9000","1.9000","","0.00%"
"06/19/2018","1.9000","1.9000","1.9000","1.9000","","0.00%"
"06/18/2018","1.9000","1.9000","1.9000","1.9000","","0.53%"
"06/15/2018","1.8900","1.8900","1.8900","1.8900","","0.00%"
"06/14/2018","1.8900","1.8900","1.8900","1.8900","","11.83%"
"06/13/2018","1.6900","1.6900","1.6900","1.6900","","0.00%"
"06/12/2018","1.6900","1.6900","1.6900","1.6900","","0.00%"
"06/11/2018","1.6900","1.6900","1.6900","1.6900","","0.00%"
"06/08/2018","1.6900","1.6900","1.6900","1.6900","","0.00%"
"06/07/2018","1.6900","1.6900","1.6900","1.6900","","0.00%"
"06/06/2018","1.6900","1.6900","1.6900","1.6900","","0.00%"
"06/05/2018","1.6900","1.6900","1.6900","1.6900","","0.00%"
"06/04/2018","1.6900","1.6900","1.6900","1.6900","","0.00%"
"06/01/2018","1.6900","1.6900","1.6900","1.6900","","0.00%"
"05/31/2018","1.6900","1.6900","1.6900","1.6900","","0.00%"
"05/30/2018","1.6900","1.6900","1.6900","1.6900","","0.00%"
"05/29/2018","1.6900","1.6900","1.6900","1.6900","","0.00%"
"05/25/2018","1.6900","1.6900","1.6900","1.6900","","0.00%"
"05/24/2018","1.6900","1.6900","1.6900","1.6900","","0.00%"
"05/23/2018","1.6900","1.6900","1.6900","1.6900","","0.00%"
"05/22/2018","1.6900","1.6900","1.6900","1.6900","","0.00%"
"05/21/2018","1.6900","1.6900","1.6900","1.6900","","0.00%"
"05/18/2018","1.6900","1.6900","1.6900","1.6900","","0.00%"
"05/17/2018","1.6900","1.6900","1.6900","1.6900","","0.00%"
"05/16/2018","1.6900","1.6900","1.6900","1.6900","","0.00%"
"05/15/2018","1.6900","1.6900","1.6900","1.6900","","0.00%"
"05/14/2018","1.6900","1.6900","1.6900","1.6900","","0.00%"
"05/11/2018","1.6900","1.6900","1.6900","1.6900","","0.00%"
"05/10/2018","1.6900","1.6900","1.6900","1.6900","","0.00%"
"05/09/2018","1.6900","1.6900","1.6900","1.6900","","0.00%"
"05/08/2018","1.6900","1.6900","1.6900","1.6900","","0.00%"
"05/07/2018","1.6900","1.6900","1.6900","1.6900","","0.60%"
"05/04/2018","1.6800","1.6800","1.6800","1.6800","","0.00%"
"05/03/2018","1.6800","1.6800","1.6800","1.6800","","0.00%"
"05/02/2018","1.6800","1.6800","1.6800","1.6800","","0.00%"
"05/01/2018","1.6800","1.6800","1.6800","1.6800","","0.00%"
"04/30/2018","1.6800","1.6800","1.6800","1.6800","","-0.53%"
"04/27/2018","1.6890","1.6890","1.6890","1.6890","","0.54%"
"04/26/2018","1.6800","1.6800","1.6800","1.6800","","0.00%"
"04/25/2018","1.6800","1.6800","1.6800","1.6800","","0.00%"
"04/24/2018","1.6800","1.6800","1.6800","1.6800","","0.00%"
"04/23/2018","1.6800","1.6800","1.6800","1.6800","","0.00%"
"04/20/2018","1.6800","1.6800","1.6800","1.6800","","0.00%"
"04/19/2018","1.6800","1.6800","1.6800","1.6800","","0.00%"
"04/18/2018","1.6800","1.6800","1.6800","1.6800","","0.00%"
"04/17/2018","1.6800","1.6800","1.6800","1.6800","","0.00%"
"04/16/2018","1.6800","1.6800","1.6800","1.6800","","0.00%"
"04/13/2018","1.6800","1.6800","1.6800","1.6800","","0.00%"
"04/12/2018","1.6800","1.6800","1.6800","1.6800","","0.00%"
"04/11/2018","1.6800","1.6800","1.6800","1.6800","","0.00%"
"04/10/2018","1.6800","1.6800","1.6800","1.6800","","0.00%"
"04/09/2018","1.6800","1.6800","1.6800","1.6800","","0.00%"
"04/06/2018","1.6800","1.6800","1.6800","1.6800","","0.00%"
"04/05/2018","1.6800","1.6800","1.6800","1.6800","","0.00%"
"04/04/2018","1.6800","1.6800","1.6800","1.6800","","0.00%"
"04/03/2018","1.6800","1.6800","1.6800","1.6800","","0.00%"
"04/02/2018","1.6800","1.6800","1.6800","1.6800","","0.60%"
"03/30/2018","1.6700","1.6700","1.6700","1.6700","","-0.60%"
"03/29/2018","1.6800","1.6800","1.6800","1.6800","","0.00%"
"03/28/2018","1.6800","1.6800","1.6800","1.6800","","0.00%"
"03/27/2018","1.6800","1.6800","1.6800","1.6800","","0.00%"
"03/26/2018","1.6800","1.6800","1.6800","1.6800","","0.00%"
"03/23/2018","1.6800","1.6800","1.6800","1.6800","","0.00%"
"03/22/2018","1.6800","1.6800","1.6800","1.6800","","17.48%"
"03/21/2018","1.4300","1.4300","1.4300","1.4300","","0.70%"
"03/20/2018","1.4200","1.4200","1.4200","1.4200","","0.00%"
"03/19/2018","1.4200","1.4200","1.4200","1.4200","","0.00%"
"03/16/2018","1.4200","1.4200","1.4200","1.4200","","0.00%"
"03/15/2018","1.4200","1.4200","1.4200","1.4200","","0.00%"
"03/14/2018","1.4200","1.4200","1.4200","1.4200","","0.00%"
"03/13/2018","1.4200","1.4200","1.4200","1.4200","","0.00%"
"03/12/2018","1.4200","1.4200","1.4200","1.4200","","0.00%"
"03/09/2018","1.4200","1.4200","1.4200","1.4200","","0.71%"
"03/08/2018","1.4100","1.4100","1.4100","1.4100","","0.00%"
"03/07/2018","1.4100","1.4100","1.4100","1.4100","","0.00%"
"03/06/2018","1.4100","1.4100","1.4100","1.4100","","0.00%"
"03/05/2018","1.4100","1.4100","1.4100","1.4100","","0.00%"
"03/02/2018","1.4100","1.4100","1.4100","1.4100","","0.00%"
"03/01/2018","1.4100","1.4100","1.4100","1.4100","","8.46%"
"02/28/2018","1.3000","1.3000","1.3000","1.3000","","-7.80%"
"02/27/2018","1.4100","1.4100","1.4100","1.4100","","0.00%"
"02/26/2018","1.4100","1.4100","1.4100","1.4100","","0.00%"
"02/23/2018","1.4100","1.4100","1.4100","1.4100","","0.00%"
"02/22/2018","1.4100","1.4100","1.4100","1.4100","","0.00%"
"02/21/2018","1.4100","1.4100","1.4100","1.4100","","0.00%"
"02/20/2018","1.4100","1.4100","1.4100","1.4100","","0.00%"
"02/16/2018","1.4100","1.4100","1.4100","1.4100","","0.00%"
"02/15/2018","1.4100","1.4100","1.4100","1.4100","","0.00%"
"02/14/2018","1.4100","1.4100","1.4100","1.4100","","0.00%"
"02/13/2018","1.4100","1.4100","1.4100","1.4100","","0.00%"
"02/12/2018","1.4100","1.4100","1.4100","1.4100","","0.00%"
"02/09/2018","1.4100","1.4100","1.4100","1.4100","","0.00%"
"02/08/2018","1.4100","1.4100","1.4100","1.4100","","0.00%"
"02/07/2018","1.4100","1.4100","1.4100","1.4100","","0.00%"
"02/06/2018","1.4100","1.4100","1.4100","1.4100","","0.00%"
"02/05/2018","1.4100","1.4100","1.4100","1.4100","","0.00%"
"02/02/2018","1.4100","1.4100","1.4100","1.4100","","-1.40%"
"02/01/2018","1.4300","1.4300","1.4300","1.4300","","8.33%"
"01/31/2018","1.3200","1.3200","1.3200","1.3200","","-6.38%"
"01/30/2018","1.4100","1.4100","1.4100","1.4100","","0.00%"
"01/29/2018","1.4100","1.4100","1.4100","1.4100","","0.00%"
"01/26/2018","1.4100","1.4100","1.4100","1.4100","","0.00%"
"01/25/2018","1.4100","1.4100","1.4100","1.4100","","0.00%"
"01/24/2018","1.4100","1.4100","1.4100","1.4100","","0.00%"
"01/23/2018","1.4100","1.4100","1.4100","1.4100","","0.00%"
"01/22/2018","1.4100","1.4100","1.4100","1.4100","","0.00%"
"01/19/2018","1.4100","1.4100","1.4100","1.4100","","0.00%"
"01/18/2018","1.4100","1.4100","1.4100","1.4100","","0.00%"
"01/17/2018","1.4100","1.4100","1.4100","1.4100","","0.00%"
"01/16/2018","1.4100","1.4100","1.4100","1.4100","","0.00%"
"01/12/2018","1.4100","1.4100","1.4100","1.4100","","0.00%"
"01/11/2018","1.4100","1.4100","1.4100","1.4100","","0.00%"
"01/10/2018","1.4100","1.4100","1.4100","1.4100","","0.00%"
"01/09/2018","1.4100","1.4100","1.4100","1.4100","","0.00%"
"01/08/2018","1.4100","1.4100","1.4100","1.4100","","0.00%"
"01/05/2018","1.4100","1.4100","1.4100","1.4100","","0.00%"
"01/04/2018","1.4100","1.4100","1.4100","1.4100","","0.00%"
"01/03/2018","1.4100","1.4100","1.4100","1.4100","","0.00%"
"01/02/2018","1.4100","1.4100","1.4100","1.4100","","7.63%"
"12/29/2017","1.3100","1.3100","1.3100","1.3100","","-7.09%"
"12/28/2017","1.4100","1.4100","1.4100","1.4100","","0.00%"
"12/27/2017","1.4100","1.4100","1.4100","1.4100","","0.00%"
"12/26/2017","1.4100","1.4100","1.4100","1.4100","","0.00%"
"12/22/2017","1.4100","1.4100","1.4100","1.4100","","0.00%"
"12/21/2017","1.4100","1.4100","1.4100","1.4100","","0.00%"
"12/20/2017","1.4100","1.4100","1.4100","1.4100","","0.00%"
"12/19/2017","1.4100","1.4100","1.4100","1.4100","","0.00%"
"12/18/2017","1.4100","1.4100","1.4100","1.4100","","0.00%"
"12/15/2017","1.4100","1.4100","1.4100","1.4100","","0.00%"
"12/14/2017","1.4100","1.4100","1.4100","1.4100","","21.55%"
"12/13/2017","1.1600","1.1600","1.1600","1.1600","","0.00%"
"12/12/2017","1.1600","1.1600","1.1600","1.1600","","0.00%"
"12/11/2017","1.1600","1.1600","1.1600","1.1600","","0.00%"
"12/08/2017","1.1600","1.1600","1.1600","1.1600","","0.00%"
"12/07/2017","1.1600","1.1600","1.1600","1.1600","","0.00%"
"12/06/2017","1.1600","1.1600","1.1600","1.1600","","0.00%"
"12/05/2017","1.1600","1.1600","1.1600","1.1600","","0.00%"
"12/04/2017","1.1600","1.1600","1.1600","1.1600","","0.00%"
"12/01/2017","1.1600","1.1600","1.1600","1.1600","","8.41%"
"11/30/2017","1.0700","1.0700","1.0700","1.0700","","-7.76%"
"11/29/2017","1.1600","1.1600","1.1600","1.1600","","0.00%"
"11/28/2017","1.1600","1.1600","1.1600","1.1600","","0.00%"
"11/27/2017","1.1600","1.1600","1.1600","1.1600","","0.00%"
"11/24/2017","1.1600","1.1600","1.1600","1.1600","","0.00%"
"11/22/2017","1.1600","1.1600","1.1600","1.1600","","0.00%"
"11/21/2017","1.1600","1.1600","1.1600","1.1600","","0.00%"
"11/20/2017","1.1600","1.1600","1.1600","1.1600","","0.00%"
"11/17/2017","1.1600","1.1600","1.1600","1.1600","","0.00%"
"11/16/2017","1.1600","1.1600","1.1600","1.1600","","0.00%"
"11/15/2017","1.1600","1.1600","1.1600","1.1600","","0.00%"
"11/14/2017","1.1600","1.1600","1.1600","1.1600","","0.00%"
"11/13/2017","1.1600","1.1600","1.1600","1.1600","","0.00%"
"11/10/2017","1.1600","1.1600","1.1600","1.1600","","0.00%"
"11/09/2017","1.1600","1.1600","1.1600","1.1600","","0.00%"
"11/08/2017","1.1600","1.1600","1.1600","1.1600","","0.00%"
"11/07/2017","1.1600","1.1600","1.1600","1.1600","","0.00%"
"11/06/2017","1.1600","1.1600","1.1600","1.1600","","0.00%"
"11/03/2017","1.1600","1.1600","1.1600","1.1600","","0.00%"
"11/02/2017","1.1600","1.1600","1.1600","1.1600","","0.00%"
"11/01/2017","1.1600","1.1600","1.1600","1.1600","","9.43%"
"10/31/2017","1.0600","1.0600","1.0600","1.0600","","-8.62%"
"10/30/2017","1.1600","1.1600","1.1600","1.1600","","0.00%"
"10/27/2017","1.1600","1.1600","1.1600","1.1600","","0.00%"
"10/26/2017","1.1600","1.1600","1.1600","1.1600","","0.00%"
"10/25/2017","1.1600","1.1600","1.1600","1.1600","","0.00%"
"10/24/2017","1.1600","1.1600","1.1600","1.1600","","0.00%"
"10/23/2017","1.1600","1.1600","1.1600","1.1600","","0.00%"
"10/20/2017","1.1600","1.1600","1.1600","1.1600","","-0.85%"
"10/19/2017","1.1700","1.1700","1.1700","1.1700","","0.00%"
"10/18/2017","1.1700","1.1700","1.1700","1.1700","","0.86%"
"10/17/2017","1.1600","1.1600","1.1600","1.1600","","0.00%"
"10/16/2017","1.1600","1.1600","1.1600","1.1600","","0.00%"
"10/13/2017","1.1600","1.1600","1.1600","1.1600","","0.00%"
"10/12/2017","1.1600","1.1600","1.1600","1.1600","","0.00%"
"10/11/2017","1.1600","1.1600","1.1600","1.1600","","0.00%"
"10/10/2017","1.1600","1.1600","1.1600","1.1600","","0.00%"
"10/06/2017","1.1600","1.1600","1.1600","1.1600","","0.00%"
"10/05/2017","1.1600","1.1600","1.1600","1.1600","","0.00%"
"10/04/2017","1.1600","1.1600","1.1600","1.1600","","0.00%"
"10/03/2017","1.1600","1.1600","1.1600","1.1600","","0.00%"
"10/02/2017","1.1600","1.1600","1.1600","1.1600","","10.48%"
"09/29/2017","1.0500","1.0500","1.0500","1.0500","","-9.48%"
"09/28/2017","1.1600","1.1600","1.1600","1.1600","","0.00%"
"09/27/2017","1.1600","1.1600","1.1600","1.1600","","0.00%"
"09/26/2017","1.1600","1.1600","1.1600","1.1600","","0.00%"
"09/25/2017","1.1600","1.1600","1.1600","1.1600","","0.00%"
"09/22/2017","1.1600","1.1600","1.1600","1.1600","","0.00%"
"09/21/2017","1.1600","1.1600","1.1600","1.1600","","0.00%"
"09/20/2017","1.1600","1.1600","1.1600","1.1600","","0.00%"
"09/19/2017","1.1600","1.1600","1.1600","1.1600","","0.00%"
"09/18/2017","1.1600","1.1600","1.1600","1.1600","","0.00%"
"09/15/2017","1.1600","1.1600","1.1600","1.1600","","0.00%"
"09/14/2017","1.1600","1.1600","1.1600","1.1600","","0.00%"
"09/13/2017","1.1600","1.1600","1.1600","1.1600","","0.00%"
"09/12/2017","1.1600","1.1600","1.1600","1.1600","","0.00%"
"09/11/2017","1.1600","1.1600","1.1600","1.1600","","0.00%"
"09/08/2017","1.1600","1.1600","1.1600","1.1600","","0.00%"
"09/07/2017","1.1600","1.1600","1.1600","1.1600","","0.00%"
"09/06/2017","1.1600","1.1600","1.1600","1.1600","","0.00%"
"09/05/2017","1.1600","1.1600","1.1600","1.1600","","0.00%"
"09/01/2017","1.1600","1.1600","1.1600","1.1600","","8.41%"
"08/31/2017","1.0700","1.0700","1.0700","1.0700","","-7.76%"
"08/30/2017","1.1600","1.1600","1.1600","1.1600","","0.00%"
"08/29/2017","1.1600","1.1600","1.1600","1.1600","","0.00%"
"08/28/2017","1.1600","1.1600","1.1600","1.1600","","0.00%"
"08/25/2017","1.1600","1.1600","1.1600","1.1600","","0.00%"
"08/24/2017","1.1600","1.1600","1.1600","1.1600","","0.00%"
"08/23/2017","1.1600","1.1600","1.1600","1.1600","","0.00%"
"08/22/2017","1.1600","1.1600","1.1600","1.1600","","0.00%"
"08/21/2017","1.1600","1.1600","1.1600","1.1600","","0.00%"
"08/18/2017","1.1600","1.1600","1.1600","1.1600","","0.00%"
"08/17/2017","1.1600","1.1600","1.1600","1.1600","","0.00%"
"08/16/2017","1.1600","1.1600","1.1600","1.1600","","0.00%"
"08/15/2017","1.1600","1.1600","1.1600","1.1600","","0.00%"
"08/14/2017","1.1600","1.1600","1.1600","1.1600","","0.00%"
"08/11/2017","1.1600","1.1600","1.1600","1.1600","","0.00%"
"08/10/2017","1.1600","1.1600","1.1600","1.1600","","0.00%"
"08/09/2017","1.1600","1.1600","1.1600","1.1600","","0.00%"
"08/08/2017","1.1600","1.1600","1.1600","1.1600","","0.00%"
"08/07/2017","1.1600","1.1600","1.1600","1.1600","","0.00%"
"08/04/2017","1.1600","1.1600","1.1600","1.1600","","0.00%"
"08/03/2017","1.1600","1.1600","1.1600","1.1600","","0.00%"
"08/02/2017","1.1600","1.1600","1.1600","1.1600","","0.00%"
"08/01/2017","1.1600","1.1600","1.1600","1.1600","","9.43%"
"07/31/2017","1.0600","1.0600","1.0600","1.0600","","-8.62%"
"07/28/2017","1.1600","1.1600","1.1600","1.1600","","0.00%"
"07/27/2017","1.1600","1.1600","1.1600","1.1600","","0.00%"
"07/26/2017","1.1600","1.1600","1.1600","1.1600","","0.00%"
"07/25/2017","1.1600","1.1600","1.1600","1.1600","","0.00%"
"07/24/2017","1.1600","1.1600","1.1600","1.1600","","0.00%"
"07/21/2017","1.1600","1.1600","1.1600","1.1600","","0.00%"
"07/20/2017","1.1600","1.1600","1.1600","1.1600","","0.00%"
"07/19/2017","1.1600","1.1600","1.1600","1.1600","","0.00%"
"07/18/2017","1.1600","1.1600","1.1600","1.1600","","0.00%"
"07/17/2017","1.1600","1.1600","1.1600","1.1600","","0.00%"
"07/14/2017","1.1600","1.1600","1.1600","1.1600","","0.00%"
"07/13/2017","1.1600","1.1600","1.1600","1.1600","","0.00%"
"07/12/2017","1.1600","1.1600","1.1600","1.1600","","0.00%"
"07/11/2017","1.1600","1.1600","1.1600","1.1600","","0.00%"
"07/10/2017","1.1600","1.1600","1.1600","1.1600","","0.00%"
"07/07/2017","1.1600","1.1600","1.1600","1.1600","","0.00%"
"07/06/2017","1.1600","1.1600","1.1600","1.1600","","0.00%"
"07/05/2017","1.1600","1.1600","1.1600","1.1600","","0.00%"
"07/03/2017","1.1600","1.1600","1.1600","1.1600","","10.48%"
"06/30/2017","1.0500","1.0500","1.0500","1.0500","","-9.48%"
"06/29/2017","1.1600","1.1600","1.1600","1.1600","","0.00%"
"06/28/2017","1.1600","1.1600","1.1600","1.1600","","0.00%"
"06/27/2017","1.1600","1.1600","1.1600","1.1600","","0.00%"
"06/26/2017","1.1600","1.1600","1.1600","1.1600","","0.00%"
"06/23/2017","1.1600","1.1600","1.1600","1.1600","","0.00%"
"06/22/2017","1.1600","1.1600","1.1600","1.1600","","0.00%"
"06/21/2017","1.1600","1.1600","1.1600","1.1600","","0.00%"
"06/20/2017","1.1600","1.1600","1.1600","1.1600","","-2.52%"
"06/19/2017","1.1900","1.1900","1.1900","1.1900","","2.59%"
"06/16/2017","1.1600","1.1600","1.1600","1.1600","","0.00%"
"06/15/2017","1.1600","1.1600","1.1600","1.1600","","27.47%"
"06/14/2017","0.9100","0.9100","0.9100","0.9100","","0.00%"
"06/13/2017","0.9100","0.9100","0.9100","0.9100","","0.00%"
"06/12/2017","0.9100","0.9100","0.9100","0.9100","","0.00%"
"06/09/2017","0.9100","0.9100","0.9100","0.9100","","0.00%"
"06/08/2017","0.9100","0.9100","0.9100","0.9100","","0.00%"
"06/07/2017","0.9100","0.9100","0.9100","0.9100","","1.11%"
"06/06/2017","0.9000","0.9000","0.9000","0.9000","","-1.10%"
"06/05/2017","0.9100","0.9100","0.9100","0.9100","","0.00%"
"06/02/2017","0.9100","0.9100","0.9100","0.9100","","0.00%"
"06/01/2017","0.9100","0.9100","0.9100","0.9100","","10.98%"
"05/31/2017","0.8200","0.8200","0.8200","0.8200","","-9.89%"
"05/30/2017","0.9100","0.9100","0.9100","0.9100","","0.00%"
"05/26/2017","0.9100","0.9100","0.9100","0.9100","","0.00%"
"05/25/2017","0.9100","0.9100","0.9100","0.9100","","0.00%"
"05/24/2017","0.9100","0.9100","0.9100","0.9100","","0.00%"
"05/23/2017","0.9100","0.9100","0.9100","0.9100","","0.00%"
"05/22/2017","0.9100","0.9100","0.9100","0.9100","","0.00%"
"05/18/2017","0.9100","0.9100","0.9100","0.9100","","0.00%"
"05/17/2017","0.9100","0.9100","0.9100","0.9100","","0.00%"
"05/16/2017","0.9100","0.9100","0.9100","0.9100","","0.00%"
"05/15/2017","0.9100","0.9100","0.9100","0.9100","","0.00%"
"05/11/2017","0.9100","0.9100","0.9100","0.9100","","0.00%"
"05/10/2017","0.9100","0.9100","0.9100","0.9100","","0.00%"
"05/09/2017","0.9100","0.9100","0.9100","0.9100","","0.00%"
"05/08/2017","0.9100","0.9100","0.9100","0.9100","","0.00%"
"05/04/2017","0.9100","0.9100","0.9100","0.9100","","0.00%"
"05/03/2017","0.9100","0.9100","0.9100","0.9100","","0.00%"
"05/02/2017","0.9100","0.9100","0.9100","0.9100","","0.00%"
"05/01/2017","0.9100","0.9100","0.9100","0.9100","","10.98%"
"04/28/2017","0.8200","0.8200","0.8200","0.8200","","-8.89%"
"04/27/2017","0.9000","0.9000","0.9000","0.9000","","0.00%"
"04/26/2017","0.9000","0.9000","0.9000","0.9000","","0.00%"
"04/25/2017","0.9000","0.9000","0.9000","0.9000","","0.00%"
"04/24/2017","0.9000","0.9000","0.9000","0.9000","","-1.10%"
"04/21/2017","0.9100","0.9100","0.9100","0.9100","","0.00%"
"04/20/2017","0.9100","0.9100","0.9100","0.9100","","1.11%"
"04/19/2017","0.9000","0.9000","0.9000","0.9000","","0.00%"
"04/18/2017","0.9000","0.9000","0.9000","0.9000","","0.00%"
"04/17/2017","0.9000","0.9000","0.9000","0.9000","","0.00%"
"04/13/2017","0.9000","0.9000","0.9000","0.9000","","0.00%"
"04/12/2017","0.9000","0.9000","0.9000","0.9000","","0.00%"
"04/11/2017","0.9000","0.9000","0.9000","0.9000","","-1.10%"
"04/10/2017","0.9100","0.9100","0.9100","0.9100","","1.11%"
"04/06/2017","0.9000","0.9000","0.9000","0.9000","","0.00%"
"04/05/2017","0.9000","0.9000","0.9000","0.9000","","0.00%"
"04/04/2017","0.9000","0.9000","0.9000","0.9000","","0.00%"
"04/03/2017","0.9000","0.9000","0.9000","0.9000","","11.11%"
"03/31/2017","0.8100","0.8100","0.8100","0.8100","","-10.00%"
"03/30/2017","0.9000","0.9000","0.9000","0.9000","","-1.10%"
"03/29/2017","0.9100","0.9100","0.9100","0.9100","","0.00%"
"03/28/2017","0.9100","0.9100","0.9100","0.9100","","0.00%"
"03/27/2017","0.9100","0.9100","0.9100","0.9100","","0.00%"
"03/24/2017","0.9100","0.9100","0.9100","0.9100","","1.11%"
"03/23/2017","0.9000","0.9000","0.9000","0.9000","","0.00%"
"03/22/2017","0.9000","0.9000","0.9000","0.9000","","0.00%"
"03/21/2017","0.9000","0.9000","0.9000","0.9000","","0.00%"
"03/20/2017","0.9000","0.9000","0.9000","0.9000","","0.00%"
"03/17/2017","0.9000","0.9000","0.9000","0.9000","","0.00%"
"03/16/2017","0.9000","0.9000","0.9000","0.9000","","36.36%"
"03/15/2017","0.6600","0.6600","0.6600","0.6600","","0.00%"
"03/14/2017","0.6600","0.6600","0.6600","0.6600","","0.00%"
"03/13/2017","0.6600","0.6600","0.6600","0.6600","","0.00%"
"03/10/2017","0.6600","0.6600","0.6600","0.6600","","0.00%"
"03/09/2017","0.6600","0.6600","0.6600","0.6600","","0.00%"
"03/08/2017","0.6600","0.6600","0.6600","0.6600","","0.00%"
"03/07/2017","0.6600","0.6600","0.6600","0.6600","","0.00%"
"03/06/2017","0.6600","0.6600","0.6600","0.6600","","0.00%"
"03/03/2017","0.6600","0.6600","0.6600","0.6600","","0.00%"
"03/02/2017","0.6600","0.6600","0.6600","0.6600","","0.00%"
"03/01/2017","0.6600","0.6600","0.6600","0.6600","","17.86%"
"02/28/2017","0.5600","0.5600","0.5600","0.5600","","-15.15%"
"02/27/2017","0.6600","0.6600","0.6600","0.6600","","0.00%"
"02/24/2017","0.6600","0.6600","0.6600","0.6600","","0.00%"
"02/23/2017","0.6600","0.6600","0.6600","0.6600","","0.00%"
"02/22/2017","0.6600","0.6600","0.6600","0.6600","","0.00%"
"02/21/2017","0.6600","0.6600","0.6600","0.6600","","0.00%"
"02/17/2017","0.6600","0.6600","0.6600","0.6600","","0.00%"
"02/16/2017","0.6600","0.6600","0.6600","0.6600","","0.00%"
"02/15/2017","0.6600","0.6600","0.6600","0.6600","","0.00%"
"02/14/2017","0.6600","0.6600","0.6600","0.6600","","0.00%"
"02/13/2017","0.6600","0.6600","0.6600","0.6600","","0.00%"
"02/10/2017","0.6600","0.6600","0.6600","0.6600","","0.00%"
"02/09/2017","0.6600","0.6600","0.6600","0.6600","","0.00%"
"02/08/2017","0.6600","0.6600","0.6600","0.6600","","0.00%"
"02/07/2017","0.6600","0.6600","0.6600","0.6600","","0.00%"
"02/06/2017","0.6600","0.6600","0.6600","0.6600","","-1.49%"
"02/03/2017","0.6700","0.6700","0.6700","0.6700","","0.00%"
"02/02/2017","0.6700","0.6700","0.6700","0.6700","","0.00%"
"02/01/2017","0.6700","0.6700","0.6700","0.6700","","19.64%"
"01/31/2017","0.5600","0.5600","0.5600","0.5600","","-16.42%"
"01/30/2017","0.6700","0.6700","0.6700","0.6700","","0.00%"
"01/27/2017","0.6700","0.6700","0.6700","0.6700","","0.00%"
"01/26/2017","0.6700","0.6700","0.6700","0.6700","","0.00%"
"01/25/2017","0.6700","0.6700","0.6700","0.6700","","0.00%"
"01/24/2017","0.6700","0.6700","0.6700","0.6700","","0.00%"
"01/23/2017","0.6700","0.6700","0.6700","0.6700","","0.00%"
"01/20/2017","0.6700","0.6700","0.6700","0.6700","","0.00%"
"01/19/2017","0.6700","0.6700","0.6700","0.6700","","0.00%"
"01/18/2017","0.6700","0.6700","0.6700","0.6700","","0.00%"
"01/17/2017","0.6700","0.6700","0.6700","0.6700","","1.52%"
"01/13/2017","0.6600","0.6600","0.6600","0.6600","","0.00%"
"01/12/2017","0.6600","0.6600","0.6600","0.6600","","0.00%"
"01/11/2017","0.6600","0.6600","0.6600","0.6600","","0.00%"
"01/10/2017","0.6600","0.6600","0.6600","0.6600","","0.00%"
"01/09/2017","0.6600","0.6600","0.6600","0.6600","","0.00%"
"01/06/2017","0.6600","0.6600","0.6600","0.6600","","0.00%"
"01/05/2017","0.6600","0.6600","0.6600","0.6600","","0.00%"
"01/04/2017","0.6600","0.6600","0.6600","0.6600","","0.00%"
"01/03/2017","0.6600","0.6600","0.6600","0.6600","","32.00%"
"12/30/2016","0.5000","0.5000","0.5000","0.5000","","-24.24%"
"12/29/2016","0.6600","0.6600","0.6600","0.6600","","0.00%"
"12/28/2016","0.6600","0.6600","0.6600","0.6600","","0.00%"
"12/27/2016","0.6600","0.6600","0.6600","0.6600","","0.00%"
"12/23/2016","0.6600","0.6600","0.6600","0.6600","","0.00%"
"12/22/2016","0.6600","0.6600","0.6600","0.6600","","0.00%"
"12/21/2016","0.6600","0.6600","0.6600","0.6600","","0.00%"
"12/20/2016","0.6600","0.6600","0.6600","0.6600","","0.00%"
"12/19/2016","0.6600","0.6600","0.6600","0.6600","","0.00%"
"12/16/2016","0.6600","0.6600","0.6600","0.6600","","0.00%"
"12/15/2016","0.6600","0.6600","0.6600","0.6600","","60.98%"
"12/14/2016","0.4100","0.4100","0.4100","0.4100","","0.00%"
"12/13/2016","0.4100","0.4100","0.4100","0.4100","","0.00%"
"12/12/2016","0.4100","0.4100","0.4100","0.4100","","0.00%"